{
  "wordCount": 697.4574807802371,
  "skillCount": 10.0,
  "claimedYears": 7.034065449567075,
  "hasGithub": 1.0,
  "hasLinks": 1.0,
  "educationMentions": 2.0,
  "certMentions": 2.0,
  "projectCount": 4.0,
  "avgProjectAgeMonths": 23.579935720977723,
  "timelineGapMonths": 8.77608428337206,
  "contributionCount90d": 36.0,
  "contributionStreakWeeks": 3.0,
  "institutionRank": 3.0,
  "skillConsistency": 0.7008164508560173
}