{
  "score_model": {
    "mae": 2.424539943321648,
    "rmse": 3.2197388045682445,
    "r2": 0.9682298468400748
  },
  "fraud_model": {
    "roc_auc": 0.9993915871425144,
    "avg_precision": 0.999107620552989,
    "brier": 0.0042548946278102686,
    "fraud_rate_test": 0.3205
  }
}